/*
 Navicat Premium Data Transfer

 Source Server         : 虚拟机Oracle之ssm用户
 Source Server Type    : Oracle
 Source Server Version : 100200
 Source Host           : 192.168.21.111:1521
 Source Schema         : SSM

 Target Server Type    : Oracle
 Target Server Version : 100200
 File Encoding         : 65001

 Date: 10/04/2021 19:13:22
*/


-- ----------------------------
-- Table structure for MEMBER
-- ----------------------------
DROP TABLE "SSM"."MEMBER";
CREATE TABLE "SSM"."MEMBER" (
  "ID" VARCHAR2(32 BYTE) DEFAULT SYS_GUID()  NOT NULL,
  "NAME" VARCHAR2(20 BYTE),
  "NICKNAME" VARCHAR2(20 BYTE),
  "PHONENUM" VARCHAR2(20 BYTE),
  "EMAIL" VARCHAR2(20 BYTE)
)
TABLESPACE "USERS"
LOGGING
NOCOMPRESS
PCTFREE 10
INITRANS 1
STORAGE (
  INITIAL 65536 
  MINEXTENTS 1
  MAXEXTENTS 2147483645
  BUFFER_POOL DEFAULT
)
PARALLEL 1
NOCACHE
DISABLE ROW MOVEMENT
;

-- ----------------------------
-- Records of MEMBER
-- ----------------------------
INSERT INTO "SSM"."MEMBER" VALUES ('E61D65F673D54F68B0861025C69773DB', '张三', '小三', '18888888888', 'zs@163.com');

-- ----------------------------
-- Table structure for ORDERS
-- ----------------------------
DROP TABLE "SSM"."ORDERS";
CREATE TABLE "SSM"."ORDERS" (
  "ID" VARCHAR2(32 BYTE) DEFAULT SYS_GUID()  NOT NULL,
  "ORDERNUM" VARCHAR2(20 BYTE) NOT NULL,
  "ORDERTIME" TIMESTAMP(6),
  "PEOPLECOUNT" NUMBER,
  "ORDERDESC" VARCHAR2(500 BYTE),
  "PAYTYPE" NUMBER,
  "ORDERSTATUS" NUMBER,
  "PRODUCTID" VARCHAR2(32 BYTE),
  "MEMBERID" VARCHAR2(32 BYTE)
)
TABLESPACE "USERS"
LOGGING
NOCOMPRESS
PCTFREE 10
INITRANS 1
STORAGE (
  INITIAL 65536 
  MINEXTENTS 1
  MAXEXTENTS 2147483645
  BUFFER_POOL DEFAULT
)
PARALLEL 1
NOCACHE
DISABLE ROW MOVEMENT
;

-- ----------------------------
-- Records of ORDERS
-- ----------------------------
INSERT INTO "SSM"."ORDERS" VALUES ('0E7231DC797C486290E8713CA3C6ECCC', '12345', TO_TIMESTAMP('2018-03-02 12:00:00.000000', 'SYYYY-MM-DD HH24:MI:SS:FF6'), '2', '没什么', '0', '1', '676C5BD1D35E429A8C2E114939C5685A', 'E61D65F673D54F68B0861025C69773DB');
INSERT INTO "SSM"."ORDERS" VALUES ('5DC6A48DD4E94592AE904930EA866AFA', '54321', TO_TIMESTAMP('2018-03-02 12:00:00.000000', 'SYYYY-MM-DD HH24:MI:SS:FF6'), '2', '没什么', '0', '1', '676C5BD1D35E429A8C2E114939C5685A', 'E61D65F673D54F68B0861025C69773DB');
INSERT INTO "SSM"."ORDERS" VALUES ('2FF351C4AC744E2092DCF08CFD314420', '67890', TO_TIMESTAMP('2018-03-02 12:00:00.000000', 'SYYYY-MM-DD HH24:MI:SS:FF6'), '2', '没什么', '0', '1', '12B7ABF2A4C544568B0A7C69F36BF8B7', 'E61D65F673D54F68B0861025C69773DB');
INSERT INTO "SSM"."ORDERS" VALUES ('A0657832D93E4B10AE88A2D4B70B1A28', '98765', TO_TIMESTAMP('2018-03-02 12:00:00.000000', 'SYYYY-MM-DD HH24:MI:SS:FF6'), '2', '没什么', '0', '1', '12B7ABF2A4C544568B0A7C69F36BF8B7', 'E61D65F673D54F68B0861025C69773DB');
INSERT INTO "SSM"."ORDERS" VALUES ('E4DD4C45EED84870ABA83574A801083E', '11111', TO_TIMESTAMP('2018-03-02 12:00:00.000000', 'SYYYY-MM-DD HH24:MI:SS:FF6'), '2', '没什么', '0', '1', '12B7ABF2A4C544568B0A7C69F36BF8B7', 'E61D65F673D54F68B0861025C69773DB');
INSERT INTO "SSM"."ORDERS" VALUES ('96CC8BD43C734CC2ACBFF09501B4DD5D', '22222', TO_TIMESTAMP('2018-03-02 12:00:00.000000', 'SYYYY-MM-DD HH24:MI:SS:FF6'), '2', '没什么', '0', '1', '12B7ABF2A4C544568B0A7C69F36BF8B7', 'E61D65F673D54F68B0861025C69773DB');
INSERT INTO "SSM"."ORDERS" VALUES ('55F9AF582D5A4DB28FB4EC3199385762', '33333', TO_TIMESTAMP('2018-03-02 12:00:00.000000', 'SYYYY-MM-DD HH24:MI:SS:FF6'), '2', '没什么', '0', '1', '9F71F01CB448476DAFB309AA6DF9497F', 'E61D65F673D54F68B0861025C69773DB');
INSERT INTO "SSM"."ORDERS" VALUES ('CA005CF1BE3C4EF68F88ABC7DF30E976', '44444', TO_TIMESTAMP('2018-03-02 12:00:00.000000', 'SYYYY-MM-DD HH24:MI:SS:FF6'), '2', '没什么', '0', '1', '9F71F01CB448476DAFB309AA6DF9497F', 'E61D65F673D54F68B0861025C69773DB');
INSERT INTO "SSM"."ORDERS" VALUES ('3081770BC3984EF092D9E99760FDABDE', '55555', TO_TIMESTAMP('2018-03-02 12:00:00.000000', 'SYYYY-MM-DD HH24:MI:SS:FF6'), '2', '没什么', '0', '1', '9F71F01CB448476DAFB309AA6DF9497F', 'E61D65F673D54F68B0861025C69773DB');

-- ----------------------------
-- Table structure for ORDER_TRAVELLER
-- ----------------------------
DROP TABLE "SSM"."ORDER_TRAVELLER";
CREATE TABLE "SSM"."ORDER_TRAVELLER" (
  "ORDERID" VARCHAR2(32 BYTE) NOT NULL,
  "TRAVELLERID" VARCHAR2(32 BYTE) NOT NULL
)
TABLESPACE "USERS"
LOGGING
NOCOMPRESS
PCTFREE 10
INITRANS 1
STORAGE (
  INITIAL 65536 
  MINEXTENTS 1
  MAXEXTENTS 2147483645
  BUFFER_POOL DEFAULT
)
PARALLEL 1
NOCACHE
DISABLE ROW MOVEMENT
;

-- ----------------------------
-- Records of ORDER_TRAVELLER
-- ----------------------------
INSERT INTO "SSM"."ORDER_TRAVELLER" VALUES ('0E7231DC797C486290E8713CA3C6ECCC', '3FE27DF2A4E44A6DBC5D0FE4651D3D3E');
INSERT INTO "SSM"."ORDER_TRAVELLER" VALUES ('2FF351C4AC744E2092DCF08CFD314420', '3FE27DF2A4E44A6DBC5D0FE4651D3D3E');
INSERT INTO "SSM"."ORDER_TRAVELLER" VALUES ('3081770BC3984EF092D9E99760FDABDE', 'EE7A71FB6945483FBF91543DBE851960');
INSERT INTO "SSM"."ORDER_TRAVELLER" VALUES ('55F9AF582D5A4DB28FB4EC3199385762', 'EE7A71FB6945483FBF91543DBE851960');
INSERT INTO "SSM"."ORDER_TRAVELLER" VALUES ('5DC6A48DD4E94592AE904930EA866AFA', '3FE27DF2A4E44A6DBC5D0FE4651D3D3E');
INSERT INTO "SSM"."ORDER_TRAVELLER" VALUES ('96CC8BD43C734CC2ACBFF09501B4DD5D', 'EE7A71FB6945483FBF91543DBE851960');
INSERT INTO "SSM"."ORDER_TRAVELLER" VALUES ('A0657832D93E4B10AE88A2D4B70B1A28', '3FE27DF2A4E44A6DBC5D0FE4651D3D3E');
INSERT INTO "SSM"."ORDER_TRAVELLER" VALUES ('CA005CF1BE3C4EF68F88ABC7DF30E976', 'EE7A71FB6945483FBF91543DBE851960');
INSERT INTO "SSM"."ORDER_TRAVELLER" VALUES ('E4DD4C45EED84870ABA83574A801083E', 'EE7A71FB6945483FBF91543DBE851960');

-- ----------------------------
-- Table structure for PERMISSION
-- ----------------------------
DROP TABLE "SSM"."PERMISSION";
CREATE TABLE "SSM"."PERMISSION" (
  "ID" VARCHAR2(32 BYTE) DEFAULT SYS_GUID()  NOT NULL,
  "PERMISSIONNAME" VARCHAR2(50 BYTE),
  "URL" VARCHAR2(50 BYTE)
)
TABLESPACE "USERS"
LOGGING
NOCOMPRESS
PCTFREE 10
INITRANS 1
STORAGE (
  INITIAL 65536 
  MINEXTENTS 1
  MAXEXTENTS 2147483645
  BUFFER_POOL DEFAULT
)
PARALLEL 1
NOCACHE
DISABLE ROW MOVEMENT
;

-- ----------------------------
-- Records of PERMISSION
-- ----------------------------
INSERT INTO "SSM"."PERMISSION" VALUES ('BDBFC20BC1E64A85B6F10B8A6FD12C9C', '删除用户', 'user/delete');
INSERT INTO "SSM"."PERMISSION" VALUES ('1D23E845DD3E49C69C8A199DBAD39A94', '查询所有', '/user/findAll');
INSERT INTO "SSM"."PERMISSION" VALUES ('DBDB7E43F4E64ECF92B0B2236C6D3A5E', '根据id查询', '/user/findById');

-- ----------------------------
-- Table structure for PRODUCT
-- ----------------------------
DROP TABLE "SSM"."PRODUCT";
CREATE TABLE "SSM"."PRODUCT" (
  "ID" VARCHAR2(32 BYTE) DEFAULT SYS_GUID()  NOT NULL,
  "PRODUCTNUM" VARCHAR2(50 BYTE) NOT NULL,
  "PRODUCTNAME" VARCHAR2(50 BYTE),
  "CITYNAME" VARCHAR2(50 BYTE),
  "DEPARTURETIME" TIMESTAMP(6),
  "PRODUCTPRICE" NUMBER,
  "PRODUCTDESC" VARCHAR2(500 BYTE),
  "PRODUCTSTATUS" NUMBER
)
TABLESPACE "USERS"
LOGGING
NOCOMPRESS
PCTFREE 10
INITRANS 1
STORAGE (
  INITIAL 65536 
  MINEXTENTS 1
  MAXEXTENTS 2147483645
  BUFFER_POOL DEFAULT
)
PARALLEL 1
NOCACHE
DISABLE ROW MOVEMENT
;

-- ----------------------------
-- Records of PRODUCT
-- ----------------------------
INSERT INTO "SSM"."PRODUCT" VALUES ('F5BED07D36DB4F87B661A0F853347029', 'cn.lei.001', '广州一日游', '湖南张家界', TO_TIMESTAMP('2021-03-30 00:00:00.000000', 'SYYYY-MM-DD HH24:MI:SS:FF6'), '1200', '特价机票伴你旅途', '1');
INSERT INTO "SSM"."PRODUCT" VALUES ('676C5BD1D35E429A8C2E114939C5685A', '小雷', '北京三日游', '北京', TO_TIMESTAMP('2018-10-10 10:10:00.000000', 'SYYYY-MM-DD HH24:MI:SS:FF6'), '1200', '不错的旅行', '1');
INSERT INTO "SSM"."PRODUCT" VALUES ('12B7ABF2A4C544568B0A7C69F36BF8B7', '小二', '上海五日游', '上海', TO_TIMESTAMP('2018-04-25 14:30:00.000000', 'SYYYY-MM-DD HH24:MI:SS:FF6'), '1800', '魔都我来了', '0');
INSERT INTO "SSM"."PRODUCT" VALUES ('9F71F01CB448476DAFB309AA6DF9497F', '小三', '长沙三日游', '长沙', TO_TIMESTAMP('2018-10-11 10:10:00.000000', 'SYYYY-MM-DD HH24:MI:SS:FF6'), '1000', '星城之旅', '1');

-- ----------------------------
-- Table structure for ROLE
-- ----------------------------
DROP TABLE "SSM"."ROLE";
CREATE TABLE "SSM"."ROLE" (
  "ID" VARCHAR2(32 BYTE) DEFAULT SYS_GUID()  NOT NULL,
  "ROLENAME" VARCHAR2(50 BYTE),
  "ROLEDESC" VARCHAR2(50 BYTE)
)
TABLESPACE "USERS"
LOGGING
NOCOMPRESS
PCTFREE 10
INITRANS 1
STORAGE (
  INITIAL 65536 
  MINEXTENTS 1
  MAXEXTENTS 2147483645
  BUFFER_POOL DEFAULT
)
PARALLEL 1
NOCACHE
DISABLE ROW MOVEMENT
;

-- ----------------------------
-- Records of ROLE
-- ----------------------------
INSERT INTO "SSM"."ROLE" VALUES ('A2F29DC689CB491BBCBAC5A573F46D26', 'test', '测试权限');
INSERT INTO "SSM"."ROLE" VALUES ('1314', 'ADMIN', 'vip');
INSERT INTO "SSM"."ROLE" VALUES ('2324', 'USER', 'vip');
INSERT INTO "SSM"."ROLE" VALUES ('DE3C151DCD4949EFB0DFBADAEEFCB21A', '囹圄', 'líng yǔ 描述为：监狱');

-- ----------------------------
-- Table structure for ROLE_PERMISSION
-- ----------------------------
DROP TABLE "SSM"."ROLE_PERMISSION";
CREATE TABLE "SSM"."ROLE_PERMISSION" (
  "PERMISSIONID" VARCHAR2(32 BYTE) NOT NULL,
  "ROLEID" VARCHAR2(32 BYTE) NOT NULL
)
TABLESPACE "USERS"
LOGGING
NOCOMPRESS
PCTFREE 10
INITRANS 1
STORAGE (
  INITIAL 65536 
  MINEXTENTS 1
  MAXEXTENTS 2147483645
  BUFFER_POOL DEFAULT
)
PARALLEL 1
NOCACHE
DISABLE ROW MOVEMENT
;

-- ----------------------------
-- Records of ROLE_PERMISSION
-- ----------------------------
INSERT INTO "SSM"."ROLE_PERMISSION" VALUES ('1D23E845DD3E49C69C8A199DBAD39A94', '1314');
INSERT INTO "SSM"."ROLE_PERMISSION" VALUES ('1D23E845DD3E49C69C8A199DBAD39A94', '2324');
INSERT INTO "SSM"."ROLE_PERMISSION" VALUES ('1D23E845DD3E49C69C8A199DBAD39A94', 'A2F29DC689CB491BBCBAC5A573F46D26');
INSERT INTO "SSM"."ROLE_PERMISSION" VALUES ('BDBFC20BC1E64A85B6F10B8A6FD12C9C', '2324');
INSERT INTO "SSM"."ROLE_PERMISSION" VALUES ('DBDB7E43F4E64ECF92B0B2236C6D3A5E', '1314');
INSERT INTO "SSM"."ROLE_PERMISSION" VALUES ('DBDB7E43F4E64ECF92B0B2236C6D3A5E', '2324');

-- ----------------------------
-- Table structure for SYSLOG
-- ----------------------------
DROP TABLE "SSM"."SYSLOG";
CREATE TABLE "SSM"."SYSLOG" (
  "ID" VARCHAR2(32 BYTE) DEFAULT SYS_GUID()  NOT NULL,
  "VISITTIME" TIMESTAMP(6),
  "USERNAME" VARCHAR2(50 BYTE),
  "IP" VARCHAR2(30 BYTE),
  "URL" VARCHAR2(50 BYTE),
  "EXECUTIONTIME" NUMBER,
  "METHOD" VARCHAR2(200 BYTE)
)
TABLESPACE "USERS"
LOGGING
NOCOMPRESS
PCTFREE 10
INITRANS 1
STORAGE (
  INITIAL 65536 
  MINEXTENTS 1
  MAXEXTENTS 2147483645
  BUFFER_POOL DEFAULT
)
PARALLEL 1
NOCACHE
DISABLE ROW MOVEMENT
;

-- ----------------------------
-- Records of SYSLOG
-- ----------------------------
INSERT INTO "SSM"."SYSLOG" VALUES ('48B98BF45E474CC1A8D5C2CE7792CD3B', TO_TIMESTAMP('2021-04-10 18:19:34.259000', 'SYYYY-MM-DD HH24:MI:SS:FF6'), 'tom', '0:0:0:0:0:0:0:1', '/sysLog/findAll.do', '20', '[类名] com.itheima.ssm.controller.SysLogController[方法名] findAll');
INSERT INTO "SSM"."SYSLOG" VALUES ('EBCA985C31E340E596B993811865AC78', TO_TIMESTAMP('2021-04-10 18:19:37.229000', 'SYYYY-MM-DD HH24:MI:SS:FF6'), 'tom', '0:0:0:0:0:0:0:1', '/product/findAll.do', '5', '[类名] com.itheima.ssm.controller.ProductController[方法名] findAll');
INSERT INTO "SSM"."SYSLOG" VALUES ('A9F54C6576BD405E923B971889FA5220', TO_TIMESTAMP('2021-04-10 18:19:41.893000', 'SYYYY-MM-DD HH24:MI:SS:FF6'), 'tom', '0:0:0:0:0:0:0:1', '/product/findAll.do', '11', '[类名] com.itheima.ssm.controller.ProductController[方法名] findAll');
INSERT INTO "SSM"."SYSLOG" VALUES ('6315765E5B3A43279D9CC477D52A27BA', TO_TIMESTAMP('2021-04-10 18:19:44.856000', 'SYYYY-MM-DD HH24:MI:SS:FF6'), 'tom', '0:0:0:0:0:0:0:1', '/user/findAll.do', '28', '[类名] com.itheima.ssm.controller.UserController[方法名] findAll');
INSERT INTO "SSM"."SYSLOG" VALUES ('895E6E37FF374EC695A5A869A4223141', TO_TIMESTAMP('2021-04-10 18:54:33.017000', 'SYYYY-MM-DD HH24:MI:SS:FF6'), 'tom', '0:0:0:0:0:0:0:1', '/product//findAll.do', '38', '[类名]Cn.Lei.Controller.ProductController[方法名]findAll');
INSERT INTO "SSM"."SYSLOG" VALUES ('8FF0BB37D3574F7FADC96659135293DD', TO_TIMESTAMP('2021-04-10 17:27:14.973000', 'SYYYY-MM-DD HH24:MI:SS:FF6'), 'tom', '0:0:0:0:0:0:0:1', '/user//findAll', '138', '[类名]Cn.Lei.Controller.UserController[方法名]findAll');
INSERT INTO "SSM"."SYSLOG" VALUES ('36493786791E4ED49CCA926890ADF59D', TO_TIMESTAMP('2021-04-10 18:19:25.919000', 'SYYYY-MM-DD HH24:MI:SS:FF6'), 'tom', '0:0:0:0:0:0:0:1', '/product/findAll.do', '37', '[类名] com.itheima.ssm.controller.ProductController[方法名] findAll');
INSERT INTO "SSM"."SYSLOG" VALUES ('CA801B3DEC1D453C9906E76EA00E1866', TO_TIMESTAMP('2021-04-10 19:07:33.536000', 'SYYYY-MM-DD HH24:MI:SS:FF6'), 'tom', '0:0:0:0:0:0:0:1', '/products//findAll.do', '38', '[类名]Cn.Lei.Controller.ProductController[方法名]findAll');
INSERT INTO "SSM"."SYSLOG" VALUES ('E2A929D58B994307A85B972F16828763', TO_TIMESTAMP('2021-04-10 19:07:37.466000', 'SYYYY-MM-DD HH24:MI:SS:FF6'), 'tom', '0:0:0:0:0:0:0:1', '/orders//findAll', '125', '[类名]Cn.Lei.Controller.OrdersController[方法名]findAll');
INSERT INTO "SSM"."SYSLOG" VALUES ('581D650320414692ACC38C9F35801FC8', TO_TIMESTAMP('2021-04-10 19:07:41.875000', 'SYYYY-MM-DD HH24:MI:SS:FF6'), 'tom', '0:0:0:0:0:0:0:1', '/roles//findAll', '17', '[类名]Cn.Lei.Controller.RoleController[方法名]findAll');
INSERT INTO "SSM"."SYSLOG" VALUES ('373D94E2F97A427DA85997ADA86741F7', TO_TIMESTAMP('2021-04-10 19:10:03.103000', 'SYYYY-MM-DD HH24:MI:SS:FF6'), 'tom', '0:0:0:0:0:0:0:1', '/user//findAll', '4', '[类名]Cn.Lei.Controller.UserController[方法名]findAll');
INSERT INTO "SSM"."SYSLOG" VALUES ('8806C91C8CFC44F996B2B5A49AF046D5', TO_TIMESTAMP('2021-04-10 19:10:04.975000', 'SYYYY-MM-DD HH24:MI:SS:FF6'), 'tom', '0:0:0:0:0:0:0:1', '/user//findById', '12', '[类名]Cn.Lei.Controller.UserController[方法名]findById');
INSERT INTO "SSM"."SYSLOG" VALUES ('22FDF7FB9D0343CF893E6C30B318A111', TO_TIMESTAMP('2021-04-10 19:11:13.882000', 'SYYYY-MM-DD HH24:MI:SS:FF6'), 'tom', '0:0:0:0:0:0:0:1', '/products//findAll.do', '44', '[类名]Cn.Lei.Controller.ProductController[方法名]findAll');
INSERT INTO "SSM"."SYSLOG" VALUES ('1D1DF813E6D84C50BD856D8FF9C69615', TO_TIMESTAMP('2021-04-10 16:38:27.345000', 'SYYYY-MM-DD HH24:MI:SS:FF6'), 'tom', '0:0:0:0:0:0:0:1', '/user//findAll', '31', '[类名]Cn.Lei.Controller.UserController[方法名]findAll');
INSERT INTO "SSM"."SYSLOG" VALUES ('7D5E38BB071C491998FEC139DC6263A9', TO_TIMESTAMP('2021-04-10 16:38:40.161000', 'SYYYY-MM-DD HH24:MI:SS:FF6'), 'tom', '0:0:0:0:0:0:0:1', '/user//findAll', '8', '[类名]Cn.Lei.Controller.UserController[方法名]findAll');
INSERT INTO "SSM"."SYSLOG" VALUES ('A45E3B599E6F4F239AEF1F03805114CE', TO_TIMESTAMP('2021-04-10 16:38:42.147000', 'SYYYY-MM-DD HH24:MI:SS:FF6'), 'tom', '0:0:0:0:0:0:0:1', '/orders//findAll', '109', '[类名]Cn.Lei.Controller.OrdersController[方法名]findAll');
INSERT INTO "SSM"."SYSLOG" VALUES ('41679290189E44908FB7154EE33423DF', TO_TIMESTAMP('2021-04-10 17:08:36.905000', 'SYYYY-MM-DD HH24:MI:SS:FF6'), 'tom', '0:0:0:0:0:0:0:1', '/orders//findAll', '157', '[类名]Cn.Lei.Controller.OrdersController[方法名]findAll');
INSERT INTO "SSM"."SYSLOG" VALUES ('F75D75767D5F4C0589CF430EC26A46F5', TO_TIMESTAMP('2021-04-10 17:16:24.572000', 'SYYYY-MM-DD HH24:MI:SS:FF6'), 'tom', '0:0:0:0:0:0:0:1', '/orders//findAll', '133', '[类名]Cn.Lei.Controller.OrdersController[方法名]findAll');
INSERT INTO "SSM"."SYSLOG" VALUES ('BE0821384DF3411BB8A42C0168B0A128', TO_TIMESTAMP('2021-04-10 19:07:39.763000', 'SYYYY-MM-DD HH24:MI:SS:FF6'), 'tom', '0:0:0:0:0:0:0:1', '/user//findAll', '17', '[类名]Cn.Lei.Controller.UserController[方法名]findAll');
INSERT INTO "SSM"."SYSLOG" VALUES ('72485FCB0A6C4E6CB040AD315D3575A6', TO_TIMESTAMP('2021-04-10 19:07:44.198000', 'SYYYY-MM-DD HH24:MI:SS:FF6'), 'tom', '0:0:0:0:0:0:0:1', '/permission//findAll', '17', '[类名]Cn.Lei.Controller.PermissionController[方法名]findAlla');
INSERT INTO "SSM"."SYSLOG" VALUES ('DF8CB4A995ED4C37A75B9F9A77EBEC70', TO_TIMESTAMP('2021-04-10 19:09:26.238000', 'SYYYY-MM-DD HH24:MI:SS:FF6'), 'tom', '0:0:0:0:0:0:0:1', '/user//findAll', '5', '[类名]Cn.Lei.Controller.UserController[方法名]findAll');
INSERT INTO "SSM"."SYSLOG" VALUES ('92FCE619C9284045A08C263492EE1CE8', TO_TIMESTAMP('2021-04-10 19:09:28.593000', 'SYYYY-MM-DD HH24:MI:SS:FF6'), 'tom', '0:0:0:0:0:0:0:1', '/user//findById', '16', '[类名]Cn.Lei.Controller.UserController[方法名]findById');
INSERT INTO "SSM"."SYSLOG" VALUES ('43B3739A6598416F877594BC01FE006F', TO_TIMESTAMP('2021-04-08 15:46:14.047000', 'SYYYY-MM-DD HH24:MI:SS:FF6'), 'tom', '127.0.0.1', '/user//findAll', '50', '[类名]Cn.Lei.Controller.UserController[方法名]findAll');
INSERT INTO "SSM"."SYSLOG" VALUES ('5058B333F9B7486AAE8F79B1161318EA', TO_TIMESTAMP('2021-04-08 15:46:17.357000', 'SYYYY-MM-DD HH24:MI:SS:FF6'), 'tom', '127.0.0.1', '/sysLog/findAll', '16', '[类名]Cn.Lei.Controller.SysLogController[方法名]findAll');
INSERT INTO "SSM"."SYSLOG" VALUES ('C9B06466224B48F39192325647EF5CB0', TO_TIMESTAMP('2021-04-08 15:46:23.060000', 'SYYYY-MM-DD HH24:MI:SS:FF6'), 'tom', '127.0.0.1', '/sysLog/findAll', '6', '[类名]Cn.Lei.Controller.SysLogController[方法名]findAll');
INSERT INTO "SSM"."SYSLOG" VALUES ('0768733BE3584C67BBE52A6A54909725', TO_TIMESTAMP('2021-04-10 18:06:49.406000', 'SYYYY-MM-DD HH24:MI:SS:FF6'), 'tom', '0:0:0:0:0:0:0:1', '/orders//findAll', '160', '[类名]Cn.Lei.Controller.OrdersController[方法名]findAll');

-- ----------------------------
-- Table structure for TRAVELLER
-- ----------------------------
DROP TABLE "SSM"."TRAVELLER";
CREATE TABLE "SSM"."TRAVELLER" (
  "ID" VARCHAR2(32 BYTE) DEFAULT SYS_GUID()  NOT NULL,
  "NAME" VARCHAR2(20 BYTE),
  "SEX" VARCHAR2(20 BYTE),
  "PHONENUM" VARCHAR2(20 BYTE),
  "CREDENTIALSTYPE" NUMBER,
  "CREDENTIALSNUM" VARCHAR2(50 BYTE),
  "TRAVELLERTYPE" NUMBER
)
TABLESPACE "USERS"
LOGGING
NOCOMPRESS
PCTFREE 10
INITRANS 1
STORAGE (
  INITIAL 65536 
  MINEXTENTS 1
  MAXEXTENTS 2147483645
  BUFFER_POOL DEFAULT
)
PARALLEL 1
NOCACHE
DISABLE ROW MOVEMENT
;

-- ----------------------------
-- Records of TRAVELLER
-- ----------------------------
INSERT INTO "SSM"."TRAVELLER" VALUES ('3FE27DF2A4E44A6DBC5D0FE4651D3D3E', '张龙', '男', '13333333333', '0', '123456789009876543', '0');
INSERT INTO "SSM"."TRAVELLER" VALUES ('EE7A71FB6945483FBF91543DBE851960', '张小龙', '男', '15555555555', '0', '987654321123456789', '1');

-- ----------------------------
-- Table structure for USERS
-- ----------------------------
DROP TABLE "SSM"."USERS";
CREATE TABLE "SSM"."USERS" (
  "ID" VARCHAR2(32 BYTE) DEFAULT SYS_GUID()  NOT NULL,
  "EMAIL" VARCHAR2(50 BYTE) NOT NULL,
  "USERNAME" VARCHAR2(50 BYTE),
  "PASSWORD" VARCHAR2(100 BYTE),
  "PHONENUM" VARCHAR2(20 BYTE),
  "STATUS" NUMBER
)
TABLESPACE "USERS"
LOGGING
NOCOMPRESS
PCTFREE 10
INITRANS 1
STORAGE (
  INITIAL 65536 
  MINEXTENTS 1
  MAXEXTENTS 2147483645
  BUFFER_POOL DEFAULT
)
PARALLEL 1
NOCACHE
DISABLE ROW MOVEMENT
;

-- ----------------------------
-- Records of USERS
-- ----------------------------
INSERT INTO "SSM"."USERS" VALUES ('B6AADF11C29646C08C11766FA2809FD9', '1900594047@qq.com', '小雷', '$2a$10$Ce8LB3jdYDZ2f6HB281zA.4eC7v6ziJdK8MMWg0Yu8ETMg5ToMpIe', '18974768171', '1');
INSERT INTO "SSM"."USERS" VALUES ('0C69CEC7FCDF44248B62648753D1E92A', '123456@qq.com', 'admin', NULL, '18974768171', '0');
INSERT INTO "SSM"."USERS" VALUES ('8DA387E742E34AF88FAB656CB602BDAC', 'test@qq.com', 'test', '$2a$10$a4Grvn9sx4GwjQTx69BU2OT4SAD2.1UPCwYabXFrT4sdELsgdhv5u', '18974768171', '1');
INSERT INTO "SSM"."USERS" VALUES ('123321', '1900@qq.com', 'tom', '$2a$10$tJHudmJh6MRPdiL7mv0yfe0nZJbDHuhl7sSTnqNC4DauMik9ppi4K', '18978988899', '1');

-- ----------------------------
-- Table structure for USERS_ROLE
-- ----------------------------
DROP TABLE "SSM"."USERS_ROLE";
CREATE TABLE "SSM"."USERS_ROLE" (
  "USERID" VARCHAR2(32 BYTE) NOT NULL,
  "ROLEID" VARCHAR2(32 BYTE) NOT NULL
)
TABLESPACE "USERS"
LOGGING
NOCOMPRESS
PCTFREE 10
INITRANS 1
STORAGE (
  INITIAL 65536 
  MINEXTENTS 1
  MAXEXTENTS 2147483645
  BUFFER_POOL DEFAULT
)
PARALLEL 1
NOCACHE
DISABLE ROW MOVEMENT
;

-- ----------------------------
-- Records of USERS_ROLE
-- ----------------------------
INSERT INTO "SSM"."USERS_ROLE" VALUES ('123321', '1314');
INSERT INTO "SSM"."USERS_ROLE" VALUES ('123321', '2324');
INSERT INTO "SSM"."USERS_ROLE" VALUES ('8DA387E742E34AF88FAB656CB602BDAC', 'A2F29DC689CB491BBCBAC5A573F46D26');
INSERT INTO "SSM"."USERS_ROLE" VALUES ('B6AADF11C29646C08C11766FA2809FD9', '2324');
INSERT INTO "SSM"."USERS_ROLE" VALUES ('B6AADF11C29646C08C11766FA2809FD9', 'DE3C151DCD4949EFB0DFBADAEEFCB21A');

-- ----------------------------
-- Primary Key structure for table MEMBER
-- ----------------------------
ALTER TABLE "SSM"."MEMBER" ADD CONSTRAINT "SYS_C005443" PRIMARY KEY ("ID");

-- ----------------------------
-- Primary Key structure for table ORDERS
-- ----------------------------
ALTER TABLE "SSM"."ORDERS" ADD CONSTRAINT "SYS_C005446" PRIMARY KEY ("ID");

-- ----------------------------
-- Uniques structure for table ORDERS
-- ----------------------------
ALTER TABLE "SSM"."ORDERS" ADD CONSTRAINT "SYS_C005447" UNIQUE ("ORDERNUM") NOT DEFERRABLE INITIALLY IMMEDIATE NORELY VALIDATE;

-- ----------------------------
-- Checks structure for table ORDERS
-- ----------------------------
ALTER TABLE "SSM"."ORDERS" ADD CONSTRAINT "SYS_C005445" CHECK ("ORDERNUM" IS NOT NULL) NOT DEFERRABLE INITIALLY IMMEDIATE NORELY VALIDATE;

-- ----------------------------
-- Primary Key structure for table ORDER_TRAVELLER
-- ----------------------------
ALTER TABLE "SSM"."ORDER_TRAVELLER" ADD CONSTRAINT "SYS_C005450" PRIMARY KEY ("ORDERID", "TRAVELLERID");

-- ----------------------------
-- Primary Key structure for table PERMISSION
-- ----------------------------
ALTER TABLE "SSM"."PERMISSION" ADD CONSTRAINT "SYS_C005460" PRIMARY KEY ("ID");

-- ----------------------------
-- Primary Key structure for table PRODUCT
-- ----------------------------
ALTER TABLE "SSM"."PRODUCT" ADD CONSTRAINT "SYS_C005441" PRIMARY KEY ("ID");

-- ----------------------------
-- Uniques structure for table PRODUCT
-- ----------------------------
ALTER TABLE "SSM"."PRODUCT" ADD CONSTRAINT "PRODUCT" UNIQUE ("ID", "PRODUCTNUM") NOT DEFERRABLE INITIALLY IMMEDIATE NORELY VALIDATE;

-- ----------------------------
-- Checks structure for table PRODUCT
-- ----------------------------
ALTER TABLE "SSM"."PRODUCT" ADD CONSTRAINT "SYS_C005440" CHECK ("PRODUCTNUM" IS NOT NULL) NOT DEFERRABLE INITIALLY IMMEDIATE NORELY VALIDATE;

-- ----------------------------
-- Primary Key structure for table ROLE
-- ----------------------------
ALTER TABLE "SSM"."ROLE" ADD CONSTRAINT "SYS_C005456" PRIMARY KEY ("ID");

-- ----------------------------
-- Primary Key structure for table ROLE_PERMISSION
-- ----------------------------
ALTER TABLE "SSM"."ROLE_PERMISSION" ADD CONSTRAINT "SYS_C005461" PRIMARY KEY ("PERMISSIONID", "ROLEID");

-- ----------------------------
-- Primary Key structure for table SYSLOG
-- ----------------------------
ALTER TABLE "SSM"."SYSLOG" ADD CONSTRAINT "SYS_C005464" PRIMARY KEY ("ID");

-- ----------------------------
-- Primary Key structure for table TRAVELLER
-- ----------------------------
ALTER TABLE "SSM"."TRAVELLER" ADD CONSTRAINT "SYS_C005444" PRIMARY KEY ("ID");

-- ----------------------------
-- Primary Key structure for table USERS
-- ----------------------------
ALTER TABLE "SSM"."USERS" ADD CONSTRAINT "SYS_C005454" PRIMARY KEY ("ID");

-- ----------------------------
-- Uniques structure for table USERS
-- ----------------------------
ALTER TABLE "SSM"."USERS" ADD CONSTRAINT "SYS_C005455" UNIQUE ("EMAIL") NOT DEFERRABLE INITIALLY IMMEDIATE NORELY VALIDATE;

-- ----------------------------
-- Checks structure for table USERS
-- ----------------------------
ALTER TABLE "SSM"."USERS" ADD CONSTRAINT "SYS_C005453" CHECK ("EMAIL" IS NOT NULL) NOT DEFERRABLE INITIALLY IMMEDIATE NORELY VALIDATE;

-- ----------------------------
-- Primary Key structure for table USERS_ROLE
-- ----------------------------
ALTER TABLE "SSM"."USERS_ROLE" ADD CONSTRAINT "SYS_C005457" PRIMARY KEY ("USERID", "ROLEID");

-- ----------------------------
-- Foreign Keys structure for table ORDERS
-- ----------------------------
ALTER TABLE "SSM"."ORDERS" ADD CONSTRAINT "SYS_C005448" FOREIGN KEY ("PRODUCTID") REFERENCES "SSM"."PRODUCT" ("ID") NOT DEFERRABLE INITIALLY IMMEDIATE NORELY VALIDATE;
ALTER TABLE "SSM"."ORDERS" ADD CONSTRAINT "SYS_C005449" FOREIGN KEY ("MEMBERID") REFERENCES "SSM"."MEMBER" ("ID") NOT DEFERRABLE INITIALLY IMMEDIATE NORELY VALIDATE;

-- ----------------------------
-- Foreign Keys structure for table ORDER_TRAVELLER
-- ----------------------------
ALTER TABLE "SSM"."ORDER_TRAVELLER" ADD CONSTRAINT "SYS_C005451" FOREIGN KEY ("ORDERID") REFERENCES "SSM"."ORDERS" ("ID") NOT DEFERRABLE INITIALLY IMMEDIATE NORELY VALIDATE;
ALTER TABLE "SSM"."ORDER_TRAVELLER" ADD CONSTRAINT "SYS_C005452" FOREIGN KEY ("TRAVELLERID") REFERENCES "SSM"."TRAVELLER" ("ID") NOT DEFERRABLE INITIALLY IMMEDIATE NORELY VALIDATE;

-- ----------------------------
-- Foreign Keys structure for table ROLE_PERMISSION
-- ----------------------------
ALTER TABLE "SSM"."ROLE_PERMISSION" ADD CONSTRAINT "SYS_C005462" FOREIGN KEY ("PERMISSIONID") REFERENCES "SSM"."PERMISSION" ("ID") NOT DEFERRABLE INITIALLY IMMEDIATE NORELY VALIDATE;
ALTER TABLE "SSM"."ROLE_PERMISSION" ADD CONSTRAINT "SYS_C005463" FOREIGN KEY ("ROLEID") REFERENCES "SSM"."ROLE" ("ID") NOT DEFERRABLE INITIALLY IMMEDIATE NORELY VALIDATE;

-- ----------------------------
-- Foreign Keys structure for table USERS_ROLE
-- ----------------------------
ALTER TABLE "SSM"."USERS_ROLE" ADD CONSTRAINT "SYS_C005458" FOREIGN KEY ("USERID") REFERENCES "SSM"."USERS" ("ID") NOT DEFERRABLE INITIALLY IMMEDIATE NORELY VALIDATE;
ALTER TABLE "SSM"."USERS_ROLE" ADD CONSTRAINT "SYS_C005459" FOREIGN KEY ("ROLEID") REFERENCES "SSM"."ROLE" ("ID") NOT DEFERRABLE INITIALLY IMMEDIATE NORELY VALIDATE;
